wallet,score
0x342491c093a640c7c2347c4ffa7d8b9cbc84d1eb,100.0
0x352423e2fa5d5c99343d371c9e3bc56c87723cc7,87.58630310909618
0x8888882f8f843896699869179fb6e4f7e3b58888,85.79935645366872
0x10d88638be3c26f3a47d861b8b5641508501035d,84.95059607678688
0xb99cc7e10fe0acc68c50c7829f473d81e23249cc,60.513829505527475
0xed0c6079229e2d407672a117c22b62064f4a4312,57.745286550601925
0xdbebc7fc0d343cc31efee75c5a3f8982a39c3268,43.839509904555214
0x1676055fe954ee6fc388f9096210e5ebe0a9070c,38.98323738815012
0x466e89db9e88a69367e4e9aae5b6ff508f8e2cfe,35.835805588219564
0xabde2f02fe84e083e1920471b54c3612456365ef,34.12821742140473
0x8aceab8167c80cb8b3de7fa6228b889bb1130ee8,33.50069108530607
0xd55684f4369040c12262949ff78299f2bc9db735,30.14079200450051
0xc91f493d7ded10623e356a52455dbb715f51b3c6,29.702539694836936
0x6d7ccd6d3e4948579891f90e98c1bb09a8c677ea,28.688149691371816
0xab50dd1c57938218627df2311ef65b4e2e84af48,26.34345979809391
0x444624b9777e41e648c4019cc86cf0b6738f39bf,22.373781693053505
0x716034c25d9fb4b38c837afe417b7f2b9af3e9ae,21.358766098326722
0x1344a36a1b56144c3bc62e7757377d288fde0369,20.564409787979752
0x4dd20498457b967dc5e79efd5020d9f0fb0b0eb0,20.45437419285987
0xf8587bfb4d3e0b31029efa09d595ee6179ddfeaa,17.545325457400256
0x9c459eeb3fa179a40329b81c1635525e9a0ef094,17.406857013097753
0x3c01e0cdc9d7c3b548b4e6e6a558d78ea52c1f9e,17.30605057648653
0x56178a0d5f301baf6cf3e1cd53d9863437345bf9,15.948806751153958
0x1eab3b222a5b57474e0c237e7e1c4312c1066855,13.77975179831787
0x7466c91238d6e9c16801b4b885cfc3155af3fce3,12.56126379969361
0x0f1dfef1a40557d279d0de6e49ab306891a638b8,12.052486741526302
0x6fc6f371763371f0fd66e65b157017eb7ce7e1a1,11.998682410952469
0xe84a061897afc2e7ff5fb7e3686717c528617487,11.355578306959083
0xe0f73b8d76d2ad33492f995af218b03564b8ce20,11.285022172898481
0x64c8ce646e0ec31ef0e4d0801ef2e9731a606684,11.063690582761174
0x68963dc7c28a36fcacb0b39ac2d807b0329b9c69,10.903951380721686
0x4bbc507ca4417625e20199644523f4d92df927b1,10.84910474880365
0x99e881e9e89152b0add27c367f0761f0fbe5ddc3,10.485150620415482
0x712d0f306956a6a4b4f9319ad9b9de48c5345996,9.291743870575147
0x739adc03a7d8cea2f0a64d9622a5c346cb0ca1eb,8.752232677987703
0x4655b7ad0b5f5bacb9cf960bbffceb3f0e51f363,8.2949094195368
0x1b570b93a478468a56b334f20e51da2aa55faf98,8.055308816757686
0xc26b5977c42c4fa2dd41750f8658f6bd2b67869c,7.877483197628039
0x66b870ddf78c975af5cd8edc6de25eca81791de1,7.871525677685344
0x7ba7f4773fa7890bad57879f0a1faa0edffb3520,7.682998876221159
0xcaa87bf757a0cb3934d0198f71de320545feb671,7.434528518699362
0xf07766108cdb54082f7b06cad20d6adab1342d46,7.2501955198446
0xe8981aa72d495aa71681c41159c1ec8746ee3fbd,7.184706246652025
0x3f3429d28438cc14133966820b8a9ea61cf1d4f0,7.018643467211375
0x995a09ed0b24ee13fbfcfbe60cad2fb6281b479f,6.9168803802093946
0x2baba0cba8241fda56871589835e0b05ec64ca41,6.755941840626894
0xdde0d6e90bfb74f1dc8ea070cfd0c0180c03ad16,6.62755074673943
0x2be4b204d5e5c4d768f1c388fe99a6d51b70dcb8,6.461575070481209
0xf2f400c138f9fb900576263af0bc7fcde2b1b8a8,6.228193761248449
0x53fb0162bc8d5eec2fb1532923c4f8997bace111,5.90599689314883
0x4aa42145aa6ebf72e164c9bbc74fbd3788045016,5.860421957078311
0x3d2fb958376ee1ca22322b2c226666e414c3cfdd,5.759436682795746
0x892bda0b728bd2f5ad60f349309d32435037caa8,5.666521521275442
0x702a39a9d7d84c6b269efaa024dff4037499bba9,5.646500081790995
0xd48573cda0fed7144f2455c5270ffa16be389d04,5.369027078600816
0x4a2c544fc56cc7e024a336ecb829e39b91d28f51,5.342531800417658
0x53311150764f7eb2999022ed1aa5a8c17bb5fc57,5.305717361468173
0x10bf1dcb5ab7860bab1c3320163c6dddf8dcc0e4,5.090513149340284
0xa9f00c00ea5fd167da64917267e60f9d9430b321,5.082620398777742
0x3751b4466a238db35c39b578d4889cfb6847a46b,5.003308819739303
0xa10e96a72dc5d7333353992c007fa275dc5a2798,4.933297609548575
0x2eb953f992d4fa6e769fabf25d8218f21b793558,4.840331390071639
0xb99a2c4c1c4f1fc27150681b740396f6ce1cbcf5,4.688050214861756
0x741aa7cfb2c7bf2a1e7d4da2e3df6a56ca4131f3,4.67264703079386
0x71a91c9202c8091c62c630ca2de44b333ddcd0d7,4.631862861336543
0x07d174df93bc8e90709846a69d571afcf587f507,4.424679012196197
0xcc907531db31dac206b5faac12702641225c7ae5,4.39784914345397
0x31b13fa1c6e786854f62fd0d6cb41d9b64639cf8,4.373026034679339
0x777999be819ffecee44a995560a9d0e97780a30c,4.335086251950067
0x2b3d681b742ce3ff33b613e95698287ed37b618a,4.169104357871953
0x342bf4e93930b576b24df05b44dd845305d87e0d,4.0927827430314725
0x60ee8465dc43245c6c2989b1089e476d3a0a717d,3.8649673462895713
0x6b0f45cad6ddc0b8d7b057e6c2542e958a9899ea,3.7567049515863316
0xedd54cc255ac1fe407f4113ec22a1d82fd5a2f71,3.755485967884147
0x563617b87d8bb3f2f14bb5a581f2e19f80b52008,3.7416455736389365
0x614e57c57e6da7b86bea5be977a95b0f94bf43eb,3.693626135068826
0xc94a3ff0bac12eeb9ff0cc4e08511e1ffad6ba94,3.6389269634368357
0x5b7a52b6d75fb3105c3c37fcc6007eb7ac78f1b8,3.5766573307087586
0xb0449ec1a8a60f95322617d6ed52e1ba1a7beb49,3.5371863043158105
0x8607d5a78e2dd044b29b6d182ed32eb2e9605af5,3.521966594615973
0xf0163f66ec80dda288e753e0a62c8eb71cd38684,3.4427892927927175
0x785b9940eaf44be2b832c61816ff873b97a8ad63,3.4067722567317444
0x30030383d959675ec884e7ec88f05ee0f186cc06,3.3682075316945905
0x6a704a0e46dcc67a6316644372e261e8fb6f658c,3.130423992338578
0xe40eea78752e969022c3dd18ae68713fd003e1c5,3.1098101155629734
0xf368d43f148e1803ec793670183b0ca6a07d3898,2.9941285057375047
0x7e6f6621388047c8a481d963210b514dbd5ea1b9,2.907173097821073
0x562859c109170e59e5a1f14712e36a08c117559f,2.8673307016027394
0x744aaea96d9b290e8270277fb4d5198fbb85d6f5,2.785134998004371
0x65f5ac686dce9bb3d1caccaadffdf7b9f0013bd3,2.769314505997772
0x430a35baa51ddeaccf89092a5edbda47aaae78e4,2.7368456085887396
0x42efd1e0db4ada762cc5092ecbd052de7c6e72e2,2.6487692931739084
0xaa6e8127831c9de45ae56bb1b0d4d4da6e5665bd,2.594534614226518
0x80845058350b8c3df5c3015d8a717d64b3bf9267,2.589375539855119
0x220bda5c8994804ac96ebe4df184d25e5c2196d4,2.587110107893491
0x0cd420966fce68bad79cd82c9a360636cf898c1e,2.5720766895315967
0x2d15fcd5d6849a72f0bda676a1f2f1aede7467f5,2.479883050942714
0xcfc50541c3deaf725ce738ef87ace2ad778ba0c5,2.453540461223937
0x46a0b4fa58141aba23185e79f7047a7dfd0ff100,2.437329343380472
0xfb849f0b58ee2421b788005c15c1485f384de73f,2.424098652460646
0x0141bddf8f0d54acfeed151b456ce5cdda975faf,2.41341591670462
0x334718aa9b9521c683a270c51794a1e23a2a72d6,2.3911470789417284
0xeab23c1e3776fad145e2e3dc56bcf739f6e0a393,2.384566464510304
0xaf589d85646477f815fc297168e2bc7bcda60ee0,2.379093961819032
0x75e163ea819232ac41be1674b159ed2850c2b34a,2.3666695356746037
0x251acec7536e28cc43268f92f1d554e64f421420,2.3655168033631506
0x2c21fa2903d4f8839e8fd6b041c2adf19dbf6540,2.3654530160977894
0x9427fea95842b29720d023bfc0ea8150ea2c4de6,2.3638079127366995
0xc2f61a6eeec48d686901d325cde9233b81c793f3,2.333420505954291
0x1898953dbb2fe4bde72339ab64b7e81fa86b1b08,2.3156859312020814
0x1d6370eeb697632818bc420e47b1baeb2a876498,2.3105499366833997
0xdd6e1a285790d4088fd020c65c764babf44b31e8,2.293949678954959
0x227e93bc160fc34f1f31500dbf83619c6147aedb,2.261443077923996
0x57f74bbda534e65888581c3f252f0b7d2ef79b6f,2.231524609066558
0x99fd1378ca799ed6772fe7bcdc9b30b389518962,2.169884352420641
0x5eea56d346aa5bc5aea1786169e1f4b8699e882d,2.161632163072872
0x92e69b5483180b53ca23be701a69370c7d9df4cf,2.1592711184351665
0xc86c66c430d40523a126795b9f03242740583d12,2.1468806438099666
0x634426c3a318c6a8c1d3fe68d130976c256f60ba,2.0492734858361272
0xac6a6388691f564cb69e4082e2bd4e347a978bf6,2.020096044451114
0x01d2e7cea783b0458ba6b58e93906b19b9741889,1.988442436726707
0x930af7923b8b5f8d3461ad1999ceeb8a62884b19,1.8983548898162006
0x2d9b182d340a9189457e83d6034cca98fc81cc6a,1.8796719570263838
0xb756adb0817e9528b3a1c5c5452b26527f81681b,1.8759109244470729
0xa5b662f5cc0bf744626aff5f260e541f94265c35,1.868791057838083
0xc089c55c2afc78dc179f6c1343312784fd9c372d,1.8678081578711034
0x013ea9319e98713f25a387c2ca66d625b57495d6,1.8624910756640753
0xb8b09a4f91ed97b50816f28f0336f324cc83e5c6,1.8561214284009482
0x3ddfa8ec3052539b6c9549f12cea2c295cff5296,1.8561214284009482
0x378f1cd69e1012cfe8fbeaffec02630190fda4d9,1.8292083668121604
0x11b50686d3983c14c0d0972a5e46e38e0d9b2e14,1.8236173227861954
0x9c483fa4d84a218940bfa02652fcaf01ee8f44f2,1.8229673336495746
0xe14dc1c13027b41c9f256bdf5524f5fa08cc3bb5,1.7939066678354574
0xd3b1849b39c7ce63cf25b7f13c3015bdf2c00b03,1.7793903403367695
0xe18a59a244e6137851ca8b0ecf57456183120907,1.7083079161367194
0xdfe4f07d1f36b8d559b25082460a4f6a72531de2,1.6710419560913612
0x70f979db5da1ec899b3b4f05d64b871e774704b2,1.6268773221096142
0xa5d223c176daab154a3134369d1c0478c5e6fecf,1.5689390481719248
0x8975dbc1b8f25ec994815626d070899dda896511,1.5588257149881057
0xee8e0fcc8bff03ec5f100d02cb7b3196d78863a7,1.4850510388183484
0x9681319f4e60dd165ca2432f30d91bb4dcfdfaa2,1.4848971427207585
0x475a24c7c7679e3399cf55e90cb3d50a6aceea7b,1.4558482665303576
0xefb77e835ff52b121cc3292fba918d017722d8ca,1.452598788116277
0x49d56a8f4f79a639d50e622ba3c83e6297b51be5,1.4254343339829572
0xad0fc281ac377794fa417e76d68788a56e3040f0,1.425202110057469
0x091806040fd70b40bcda5e01d00eafad8d10ab56,1.4219921594302842
0x44a4e1bf18c2b5d34ffdfff5ba2921021d1e8c9a,1.406054791409629
0x1b622ca9c74185a7e21351ae9ac5ea74b9e8a75b,1.3575690968306662
0xc06320d9028f851c6ce46e43f04aff0a426f446c,1.3547893630103613
0x85be8a2dc0c1a59795bbba5864166475fd1aba84,1.3322946081932756
0xf71b335a1d9449c381d867f4172fc1bb3d2bfb7b,1.3256976080359455
0x93e26892f35fd40ed06bb54a7fb29780efe1c283,1.323657856598236
0xf95ca1324dae72be33e0d11bc5506e58f4321115,1.2997157404619493
0x3ba7984a49863dabd8282d08d6ec9496725ed7b8,1.2992849998806637
0x4ae958b4de0e6f21d51e73625fb9d5e0c3b0985f,1.2859192683971241
0xe72c3e0f988496825a32b07e937e44c327cefce1,1.2742957217807969
0xe79d9fc302e219084638026ace8786c77e4a3680,1.2709539942414818
0x757db7c1d65b1d3144e2afb3de8aa3d6ee87594c,1.2684881824056826
0x133289557d457f9eddd07989ab0920005c686181,1.2565437638056691
0x9a2642039e9b323e702eba1c2069a73fa602746d,1.2303189136373354
0x14647b01537939a49b6241dbd4b46b11cd8323eb,1.2299190053332634
0xa937f63ba1d69fd7e022fd50628b6d8fcfbde52d,1.2181530938849798
0x39a18ad49d61e983b09be188f602aef9be882c72,1.2108085943876226
0x743a87328003e3ef168f361eb442b841214d32a7,1.2057755170246385
0xeda65d065442b237c3399c70d28016c5632e4692,1.159084857038762
0x4c9f7207be28278b9dca129f2e211acfff48fb01,1.136869666129386
0xc83a1bb26dc153c009d5baad9855fe90cf5a1529,1.1357643715304522
0x42283fa21d5642c1744c2888f041ddea5d79149c,1.123927073429862
0x12c012ac4b947a072a1f6abb478d094094931215,1.1140438097825587
0x2a322e5bad802adc66bc1f526df7e9637efa7e64,1.07488634274492
0xf3ae3bbdeb2fb7f9c32fbb1f4fbdaf1150a1c5ce,1.0671250753412946
0xa021f23908955f3bee9d218debc48fc4838d1f9a,1.0626498894928198
0x67cfa602e0e336d28760e7bedfb3ed0c7b9e8fa1,1.0548601860739286
0x64c666e0e8dead91bf07330df2c31ff64ebbaf23,1.0407672864952457
0xd74f186194ab9219fafac5c2fe4b3270169666db,1.02315944769255
0x9581dd103b1f621771e843787dd8d250fb6bbd10,0.9868894274939503
0x99e9891ceb85b9eebe2e29a2b525d3b13a5b390c,0.9842470999642178
0x4672ba4679bd401cd53d9f358f24b8094615bec8,0.9834657884924068
0xcb1096e77d6eab734ffceced1fcd2d35ee6b8d15,0.9645218682461338
0xd4410e1c094a527723cd2f6bcb116965f3f449d9,0.958567132375036
0x48dafe1aac23a0a04a6df67414703b891f5d192f,0.9572175952455525
0x1272364f485d392bea04987aa4e50ca040c8301e,0.9449493702931447
0x482ba6028f0332aafea3cfc040d797350975efea,0.9391054894454485
0xed2ab4948ba6a909a7751dec4f34f303eb8c7236,0.937268982266826
0xde6b2a06407575b98724818445178c1f5fd53361,0.935205913949466
0x8b27de7f6a7542ee70e2420e1bc67fc479d01984,0.9280607142004741
0x7bf9075d5e3fcd7819a978cf3e8bb836adbef3e8,0.9200141639134674
0x22fa8cc33a42320385cbd3690ed60a021891cb32,0.9114854809346752
0xcc9372eadc443ce16c526408fcd7e32859d74ae1,0.9065471845037798
0x0f8e3711c5be6f91fb86e54d148b0efffc82b0e0,0.9004859115012747
0x6897625c2da7e985e9c22e0d7b27a960fc81d1d2,0.8644298195634849
0xd8a077da0bfa127dc280e8592ffe75f39b8b1984,0.8638793315506242
0x194647473826e8992d0f4bb9a93e3ae9f25923a9,0.8586114263535571
0x2756bb9746af8355f85394c5d034897ba2635e0c,0.8395560644559852
0x1e446c3ef038a26d8cf1c57700ea576ad7505798,0.8245108488668939
0x05908a050c81f51c35a108ce5a3edf52a92846de,0.8213441738272799
0xb5c4402ff7cbe97785dddc768c4e3a4f033474fb,0.8171716834925348
0xa3ba242f405fc8e93a00d50af162f723d7328631,0.8065879169674818
0xc20003d3581dbfea983ef36c46fa4bb1d7d17135,0.7991084597002454
0xdf4559f557d9a6414ea277594f37baf40a0679bc,0.797940529224471
0x0a220899395207b7428a4690e33458a72ce81b0a,0.7760127674880558
0x524e9b9b270fe4515696e50b9a81ed49a83a5dcd,0.7751719170007962
0x54c2778651e055c40d1af89c33276ec61dbda73c,0.7675789645594316
0xfc7f029b7a83921fcb68163cb4e1a30281de633e,0.7646603415183486
0x179ec6c6d395ba2eaa8106dfe9eaba6159b1e5ad,0.7640267439762609
0x66caee7b4ea189400ff84302362e97a0c9bba761,0.7610097856443888
0xec97b52fc79f9ec7e951f050c80f65cc087197d3,0.7492780332361525
0xfe0cd2b74ecfd613b4cb9f5603ab470ee813103d,0.7483958480474159
0x310c38da809237c13f89d678abb2e366180b928a,0.7443145482779758
0x1e21d538c7b6733ecc3ce593c47bf0c23240998c,0.7344994885986607
0xab69577c9d63e982fceaf841984cdcae53cf4458,0.7266113960217973
0xc546e5c769503fbab1326d9bb94ba200fe2d835f,0.71250320699022
0x5add1cec842699d7d0eaea77632f92cf3f3ff8cf,0.7123620904105841
0x8915814e90022093099854babd3ea9ac67d25565,0.7115255146750347
0x58f63a60ff5ff3cd7d2ac7efe0b9d4436fd4351c,0.708343035849694
0xb1050645b38ef4bd130d7743f4158fc700bec8a5,0.7020487014939091
0x093e4d20d9b2c3c8f68e8a20262d8fb8ebce08fa,0.6952370186375746
0x6d68c0f44e86587aa443ddb12ed9f10920195ada,0.6881228873627048
0x076012a40bdfaa24e427cabad606ccba493645ec,0.6834278206797817
0x5f8e50be79880b16bd75ebdab8638170511a0b5f,0.6813328319234048
0xb432863b3857f1cd9d78f5856a8d20693a8bc1a0,0.6779299520836639
0xac376cd0ef088e33268a2e90b031ff45a27a4b92,0.6704208676378451
0xe85457d43a161168136bfc3e46db2e9cb99eaa71,0.6654912203593268
0x5a803c73ce60f3f54e8db263c8033286c313ec3f,0.6540462659504186
0x45c147e57b99a2e3c4cff6ea9037f4a66392ea51,0.6480518474646139
0x5ff910c34db2ae9eeee29cf6902197cbc7b6812d,0.6471243618845837
0x34e1a69c42e620ec166ad5ca734cc9edc53b2093,0.6348246687355941
0xae1cfb433cec0740c40320d82b28ecb1caa4a1e7,0.6300579031362805
0xf5fc9c48f051799e42bdc63222f8575c1e515006,0.6249915746396655
0xc83972ea63c6caaf681b240edf96f616651b8252,0.6247212726844887
0xf1d1ccf5ecca0219c4ac845b5b8f369349a012d5,0.6203922827367898
0x12cd868f7c4543fd079d003cb512fcf4d9a2e99a,0.611490511587022
0x889abdd2bc0f3a884e607279ba132501698fbcd5,0.6089052745325225
0x191d15a4d69f03c2ef98842de54f6367866491ea,0.6045182075611514
0xd87666833ba1b370ac77f609696267ea8f30a727,0.6040298975114964
0x653b9d11f32b6f0b8bd2ae2724b2de5b031f8d8d,0.6006404024187818
0x9912bb9bbf4e867d3ab0fbb9a5497142673e17b1,0.5993984746381898
0xa8c32f3ddef0db7542b33fa491af68e51d1a18c2,0.5955674272599761
0xe0fd3b1d80e49fdb1fdbef66a6428819bdf51160,0.5950567065751726
0x7552ab18f8de66a51801d040b98afb0db5e38141,0.5944912718597317
0x793b18e6cf50d18b5c0c818ffea5a03038523fd1,0.5863974520040403
0x530baf3e924b3c487d266f1d15e16422f734b8b5,0.5832749780503858
0xb1a09f72ffd266e793afbe2232985e7ecdf41e5c,0.5783332942614662
0xa2dfaea03bf2140cab99e3de9f23f568c850b76a,0.5764438447880967
0x0aff497bd016000185b1c8302fa98a88ff4a4178,0.5758224520673618
0x0f3c2476fbf0ed09dff00ea7f4ef252dcc72e6f1,0.569249300417552
0x1a72e35af3d4d01e7fe333ee6567c8b5f5ef6a17,0.566174638657766
0x49707808908f0c2450b3f2672e012edbf49ed808,0.5542762411429953
0xb394e0a990a577f277ddb65547b6399898d78051,0.5480951829821067
0x4be62b7de5f4544d35300bf7de9114e997c5c5e1,0.5443076088785781
0xc55c7f66c7ffd1f639aeb11763a480e705cee617,0.5378678053372891
0xa9f036edbd41596ff0c2656fe1c9b0db1fb7a542,0.5339055409749525
0x663b1969f48fc2ad748be46dc90bab2e6f247f25,0.5326854614704732
0x7132ad0a72b5ba50bdaa005fad19caae029ae699,0.5241359563254759
0x32e00ba0370f63eb157d7222e36a36705ff9ac5b,0.5198641995266285
0x77e9309f7b424be078296dc448a9d21202bbf6b9,0.5156389763497914
0x3c970c2416287426410a74bc0801a7ac39b756f5,0.5153631174225505
0xdd14d182245a6e519692fc57a03653f92074cca5,0.5085982502421723
0x8a97caf3aacd43abb99f7989d7a3f1796b21feb0,0.5084842805833919
0xb821a5da474c1baa1f3e3e6e440171cf08c7396a,0.5064678165405491
0x274d9e726844ab52e351e8f1272e7fc3f58b7e5f,0.5036152779686536
0xd01c38292139812405e5e0cf1d8a0e5e6f4b3b3f,0.502517686507
0x60860574f32b606e7188f578fbf164260634d1da,0.5018363773715704
0x194ea0cc3e42762a8e6face7548b2e910710466e,0.4960587177963144
0x5bdb04e9c760123f40512ee46b672577c0bd4905,0.4951851831378698
0xeb312f4921aebbe99facacfe92f22b942cbd7599,0.49100781804251525
0x65f53a8b88cdace856a2b1813f05f3e876e4f36f,0.49073629554882237
0x824d120f51c467ba355b0496627bb5942a09030d,0.48483265863050296
0x4c333a5e6f499e41f42c39bd5d5b3335dbb05454,0.48260095876133646
0xcb3a3acc2a80678f1a3ec72d6593ab47ccf1b8e0,0.4804997725259968
0xa7888f85bd76deef3bd03d4dbcf57765a49883b3,0.47410141340552303
0xeadf9078361564a41907ba5d177e465d111b2d2d,0.4709740349504629
0x5bcad63582246ec9d9cd50f1a02f53e99280731f,0.4708476125002613
0xe7072cdf38d3a6a4b92929abc302325f7b1ca628,0.46501502318636795
0x005fb56fe0401a4017e6f046272da922bbf8df06,0.46403035710023705
0xde6ccca84010b3f450ec7b95501c4cbe98ac84e9,0.46149252836822136
0xf9cb2124e95418c0e135771acbddc2d60d7df6ea,0.45537852023575126
0xf7c751457363e84f5fda68e527b318468f334cec,0.4548692265083833
0x30bea347d454965700d3a04277c632aad53f5c54,0.4534428723771859
0xd05b92a6acf9dbe3c9f544cb9c4014336c620748,0.45309906270423805
0xf7b7bac7d6ff1191e2120c9f53413030f2be45d7,0.44643954527601726
0x15e7e224dcfa4dba59f342f01c70007b8a8f4aa0,0.4348036210148943
0x47f71a88019fb9327b71ffadfafce766e8edb584,0.43410933866244644
0x919d1a5c82ef275d87819052379a6d01050ae210,0.4330179907666877
0xaa54951025f005c313440e742a9ff07ecaa99ff8,0.42893754139344353
0xd99ceeaadf2f5f51ee7075a9bc7410e854095b0b,0.426977403758804
0xa6fb82e2026a79bbc22261686793e48639a43d6b,0.4253804043236036
0xd97a8cca6b2bc3649b838d84553e29a44292661b,0.42516213228344696
0x9505cf9822148a00782c7dd29a4341ecb98a6717,0.4249889459554738
0xb87f5110f19a42058908343ee10e5337a2b11187,0.42488735622540097
0xeb21209ae4c2c9ff2a86aca31e123764a3b6bc06,0.4247077365005001
0x58801cca47b332990100a39d4c39e73c90e959ea,0.4245248382175346
0xcb5f59ffe36b8fbea1676c7475d036d8da1f7615,0.42372763926655227
0x08d64d365bf7bf47869e0e5e95ef07bfeba6152a,0.4209537514137706
0xfbc95b9892926904ad8806e06a5bb6341d49c840,0.42083433745831633
0xc134c9ef7bbb25729e51a4dcbfabf825be9cb514,0.4205322519772624
0x1f2c2c21786f3e0bfa90e9e8246d3b34debde972,0.4177016786028479
0xda9720f3ec799485a3bf4e54fac310afd0d30884,0.4144224104498518
0x4a2b6651f8536275b47fc424d8c62667e11ade8c,0.41133134443492686
0x639ade8805c0081ea5da9495bb50751003e827cc,0.41098141977010616
0x7f10b0a8ece3fbf89df5422862cba7229ac3596b,0.40953322846958495
0xab1348b382eaec3d4a05cb85c999fc205b45292c,0.4072603788768109
0x227caa7ef6d955a92f483db2bd01172997a1a623,0.4058067781958698
0xd35db3b19c8c2a60b8613e5b30aadcd290c99e75,0.3997108993590842
0x1390226250fce95daa32651aad9eb92931b1c062,0.39851903478125383
0x40fd597e491ccb661e470417197ae681957f5724,0.3955227812132874
0x73a45f3e853058ab8044ebf2b10b6fc5a5c8423f,0.39446755893519897
0x4e618a87fd859eeb0a720aca97d3bdebbf0ce212,0.3919110079587452
0x761eeb672acfa29fda7a0c2c92ff07a8844f3aff,0.3900906600760759
0x6e7f19cd23049c7118e14470e2bf85d2e26ee0ae,0.3853686935469378
0x8000dcb9bf4633ee0e42453c0465228eec9e9216,0.3853354710907916
0x2217651e65f9de952ba71a296faf3358cc0bc7df,0.38075289892276576
0xbe03a2569d10fd10bdbfe84f5f2e22d9cec4acd0,0.3800678384792013
0xb4fdb19180ba5890ad589f23957849c51140a842,0.37986749690682226
0x3753e1088f81087f56cc19abe5eead7bfedc1022,0.3794399528951656
0x89f5c310edc7da1d57fd01048bce9dc111c67dc9,0.37507791006960123
0x7bbda22ff9a07aae71e4b143330b2d76a01f15bd,0.37290682932371805
0x9b0c19000a8631c1f555bb365bde308384e4f2ff,0.3721013323634039
0x07bab67a3aad03413de50417142f65fd5ad77687,0.3715422308492576
0x47a761bb9e970ac93cb571c4614c4ca643714e4f,0.37123398047739115
0xdd4a5731c80319d2fa1b2102f899c7a3c8421de2,0.37122428568018967
0x7a16ff8270133f063aab6c9977183d9e72835428,0.37122428568018967
0xa375c9f0812d17ea05d07aa3a55cafea862cc92f,0.37122428568018967
0xa663455e2e54b62e918f0cbd994a339c307179ec,0.3711656342844632
0x41fa28ca6d17aef97d641aa230e57243b10afcd4,0.36948200289167926
0xdf326ac661a2bea8547b3786b990b7ada709164a,0.3673784254269851
0x77693ff03fd85f9181e5e577b8cabfddac00880a,0.36717824995480985
0x675d37489a7a64c051d0204e5c72a469f6558a47,0.36364673108711404
0x1ec3d7c935965bbcb5bcbd1b41a42c7d811669b2,0.36336927508425426
0x9ab2595170aac2d1169017a35fcfcac71c1369c7,0.36002603827094753
0x596a64198a8cce9c8a2f0d1076f0e3d84ff733c6,0.35566010824310784
0xb3a970111f2ab96f826e34b79b7dfd037d5e541d,0.3533791273221342
0xf6aaada76ea7f044ffa028565b028740dce5389f,0.3530121119409455
0x4634826b13a6f4eded44539a9aae119438c1517b,0.351111105882559
0x8ebcb7c9fc21fa0d21adca6181f0728be932839d,0.35024095391159266
0x761df92194faa59ea31b828d1bd27ed95b257d20,0.34720136189732387
0xba71b56fd0b590ed2a6992ed57a34c1391940513,0.33482846981271547
0x41980e3ae9f3cec843ab191adbb6357e4183cd17,0.33450297318013156
0x8038c9e697df2c530c22d4cd35ba8bda59364de7,0.3326168120230224
0x48de60323a3eb75cfe0572c5a72986d4a85b8569,0.3315531226079523
0xd09c9911980ddc199752fefb611e5d9e634a2cff,0.33053953766502897
0x05ac2c01661eb6aba0f88a78dc306c84af90bf69,0.3303035266800471
0x906d31b2ee92c4bc720232112274a0e1ffb0ad6e,0.3248212499701659
0x4f00a16d909e3c9df5b5e7be30b2af0b0e67c5a3,0.32384399620127113
0x8a1034e56b0ee90d9b2a2d4d63b07bcac9457283,0.32207989489842703
0x32d2d8a08e29668492724b83d81c750123b6b905,0.32051087455848104
0x721096bcd32a2a653efa5633b9fa1e07359d9746,0.3197326938962223
0x3b69035f18e923ad2144f775a6156931f9b15d2d,0.3193871399150524
0x645c7eda69cc5a76d93003a5faf0f16d95ee331c,0.31926050640786496
0x065ad8ae434ad88cf67c031a9748b6719301cedb,0.31604323010194535
0x49a70acb5ea5eb10fe232d59dce0e35dfef85120,0.3114820857602292
0xb3805e5f44b97dab82bc00d63f7f8c5a56b96d8d,0.3099091675486581
0xcf6ce1174b7ad8b57876b1fc1f2979a63af76aca,0.30734866548735146
0xea925bc8ebddca6cf6968dec567d88c71582d168,0.30643922012462843
0x03c82053af93baabae2ffe1198f183e25f5abf58,0.3060547340336934
0x735f4775594ba291c1a79c36d4a99889143600e3,0.3059833119504122
0x933258bddd49beeca77f6d1889633c5429af45ea,0.303599254756217
0xe5350e927b904fdb4d2af55c566e269bb3df1941,0.30221027288122915
0x3b983b701406010866bd68331aaed374fb9f50c9,0.30182305063882875
0x2fb6d88b4c2ea5af5ec92616d9c0892869a63e8a,0.2999193642605881
0x0101dc6e00ecb4c26e6db7daf7f96b4180ef3c02,0.2989896552074491
0x94fa8efdd58e1721ad8bf5d4001060e0e1c4d58e,0.2986348213342312
0x7d1f9f1f7ae36a75c6d78c7dca452a88558ed084,0.29614046165851454
0xeba44c3668ac86b2ee0ce0b817f990d32ea0fdad,0.2960541698475646
0xc843f3308bfb097447d97b611bfb516d6b8f1fed,0.2911765673218744
0x7c4b78c84d07e289b397e3a348cd90a6828eeb9e,0.2903938899502795
0xec6ea79dddfcf2f9185464f3efb1285c8c22380d,0.28814209008787534
0xde464c0307b1e35264b70aac3797ceeff3966cc8,0.28797134704376326
0xf01876e736c9a2a2f23b937b4c387286ec15c6c1,0.2878502722056806
0x4404b80332b215bb62d022ebe715dbda4535756f,0.2857287795367789
0xce2488776df6fa434cd5478e30ef67793ce018aa,0.28479445327521624
0xf543bc6fbf1c6124820fcbd7c85eca39b32feadb,0.28172193645860816
0xe2bf3b01fe8d4bafe5099ceaae8bbe14d3fb7bcf,0.28113949700155494
0x72a916702bd97923e55d78ea5a3f413dec7f7f85,0.2808461994409989
0xe3cbfd618463b7198fa0743abfa56170557cc880,0.27929690950123653
0xe9e6d5663ec820bc5bebaca5555120ab6b4a437d,0.27835612699836226
0x9e55244eb98e7861bbd9623f30f3b9fd8eebe64c,0.27762967157963653
0x36f1f21636352be086fcf1ddace86b2d5a0a4319,0.27109745751924497
0x80870b156ff0a8508e22b879d4e157d1dfa028ab,0.26870064078777445
0x0b2c910b6518fd10f628023649fd31ee7f598280,0.2661741317285764
0x86f92d7ec49067226ac342cc00e668cb0285ed38,0.26372210865947787
0xd30c22d201f1a8c170f79b4735ba59b5968749a2,0.2552819902280053
0xa20ef8a9a21cb318f0d396ba0134698e472e38dd,0.253819773048443
0xa0d31d74f519816e0a939084416783122717caeb,0.2521740674709504
0x5c072afdc73bcb793d8fb9945fa6328591f7bf5b,0.2506544478960851
0x2b6a073b1967d366527d8f554767e882d50edde5,0.25005295625545776
0xa54f59fbc7626a25e54a910f9323d87681890f31,0.24783562254110725
0xa6e2e910515e6cf485462eeb6e454df33c60cb0e,0.24660951830050976
0x5dc50055bc813c9910e406b786e45a5ae4f8ad5b,0.2444821586337744
0x315b81b7aa02daf918b937317ab7d3eeda2e746b,0.2442021861272939
0x4152d4ecc8a7c78ac4c5ef13b4f6f9c6a2cba565,0.24393354437660253
0x629d6688dd4546da8935ee1602be62d92b3c5a7c,0.2423568495537316
0x1590fd35a3db834e1c042398a353a4cd9783ba9e,0.24188728799166478
0x5d04d5434c530aae8a4af9c40cb35742990a8771,0.24042406470280622
0x02c87fd3f92b9ff0ae66cd25c08455d2aeaac6a4,0.2391775511532786
0xcf58eac3c7d16796aea617a7e2461c99cacdff1d,0.23862237897432223
0x9dc42a9c65dd17fe453039dad1afd4696895cd00,0.23858231574680094
0xa2d27367e0987db73bce39b4a60deb95ff57b005,0.2375549217723717
0x8f4de49f32bac59fa77e39ccb5389c17029e2707,0.23689225723698526
0x21ae47af0a66070c285421e85fb697d7c10ad0a6,0.23652822643598975
0x6864156179ca497662f3484381afe961ee5ffb2f,0.2354750276620161
0x2796cabe1b6c1f7756c55436c793094ca6e8339b,0.23327189481513855
0xc8c337576b0aff0c280a5188db7028ad6d78ee64,0.23021094429055117
0x5a600034fc97b13b01c7229e869071ca929ad896,0.22968103652179656
0x2c51978916976e9041d22e3b164f033e553e2c3d,0.22918836880706844
0xf2eb9cd233744f22039eb32cbe391513f009a52a,0.22893258665776148
0x4201a38615ec7d1f57df6143e7a7ed82dd7a8ee4,0.22819262153408298
0x1defe02aaaa57b9547b0f30b55055dcb974840e8,0.2279521882922615
0x44b6370d43e359ce20fffd91b7652bcf0fa4b40a,0.22726736174970003
0x75d3bd744a4e5db57f7862949e95075013b31841,0.22698820763975397
0x061049747ca54631d0be813f1b9d2db4fcd8441c,0.22631765301901507
0xe4cd9aa68be5b5276573e24fa7a0007da29ab5b1,0.22543357943279582
0x7047b25a134420215490d86b35b5477cf2e364f0,0.22365297019302918
0x462a63d4405a6462b157341a78fd1babfd3f8065,0.22363900241786927
0xca411f8a30fdac0850d2a2da86c4ac1783630932,0.22360338131006632
0x6906041503264a221b8735186056ad89f7a4f04c,0.2225390343946373
0xa45420a6f2bb98406b6c6a5cc1670b7c92407e2b,0.22224038081033598
0x0b498ff89709d3838a063f1dfa463091f9801c2b,0.22134581019869046
0xa58a6d8c77f46f70dd933ec02c0a2f3337a4a509,0.22100355256398707
0x13ac34ca33ae3e040e7fbd64c37926be343d1ab0,0.21954938011864564
0x8c1a4c98c470900567fb9e764243c89cda79400c,0.21922148642964628
0x2091b12446f0e79cc5ea6657ed52a9dee5ee91a8,0.21741189439126488
0x516e5b72c3fd2d2e59835c82005ba6a2bc5788a4,0.21721319913650608
0xb13109b2b83146a326c5121411800a5cbdbf661d,0.21476389269061766
0x7b7246c78e2f900d17646ff0cb2ec47d6ba10754,0.2138205581912672
0x9dfac9bbe1119da5dcdd7b095db40920cde878ef,0.2128652870264092
0x083bebe04a7ae3f1c44f07a4d7221c2a88629cc5,0.20756979638738426
0x1bedf678ea91476731ee1b32ff8111bb1e822251,0.20685788150191411
0x4f372697940540e8da7814fd80ee2962f57ab32d,0.20569387139112336
0xa69babef1ca67a37ffaf7a485dfff3382056e78c,0.20488729917633164
0x52d9651183a3a3e0072986296e14fcc3ec942760,0.20475805616997012
0x8d5a603ee20b437a872f55f2380ffc907ad241cd,0.20442241781040735
0x73dc936eb57cc024f2a21c2ba3549e7328baa3f1,0.204191921057235
0x7d65bba2e829fdaaf3a185a3f5596ced9bc6b462,0.20319026124762737
0x1cb9981a50441979361cb7eec9aa765ef9f77d88,0.20288622959183966
0xa6309fe7647a82072b6707ac0f8fe78891ea6fd4,0.2023650688500134
0xa68678d5e473f7e9a5a121291a945cecc9d983ec,0.20083968644823808
0x69ea3fe4a34dd1d9c9b9cc0a3eb48e86fc18af22,0.2007686393582765
0xe747c2d98e21de4f170fb65e84e8fa2f840c6e1c,0.19905902556339797
0x8daac37d93c46cc997b1725c2d6bf699d4c41a01,0.19862734594233444
0xc453526c898e66af4a25d4d486854922be8bef69,0.19779897296768637
0x03ff869ba96ab9f1b162b1a0081c015620ceb869,0.197606700196451
0xafa788fab589fe61c23df76905558f4734444d67,0.19718097665600318
0x5deb8b6f0147be8e6128cbb9a58c2ccb506ff58b,0.19674209127232925
0x288931fa76d7b0482f0fd0bca9a50bf0d22b9fef,0.19668805093931344
0xfe425c1d79b7b6058be1651f453fbe49559b0866,0.1963685784926101
0x499cecad4a8c3ed4d405bb2c6f2a0aa078a6df61,0.1949755070563438
0xfa42466bf06dda146ad31e5ac2b9b225fc734c36,0.19373232082584982
0x0d33477c14a54318716dd802a14da7e5abd591f7,0.1933403288550777
0xf64c2e6679e089cd1c3e303ca1245d4941747700,0.19078798211322268
0xbac811963a99f77b2e11d96663ed983caf640181,0.18972606143240292
0xdc8f3ac0ceb5a4e828c09f7f50f2e00e0109905e,0.18758649920348494
0xcdd681467221379db0caa005fbfb5c899384aaa2,0.18603218037033836
0x3889d23a02303500f9a65b17f94d4897b878029d,0.18566961557776812
0x391473f3e818e4b81ab0d1c58b7f5e827b780a86,0.18562509573192398
0x8710c7d1891076c66a11422dbf7dcecb601d3cba,0.1856215040080627
0xc447d996d32f278b13c3740310cde694b1ba2d8d,0.18561214284009483
0x8396f5305f4472fddf79c6c7468744050a3c69ba,0.18561214284009483
0xe4d0c3b110b11ea818d5a39d4514bf6fcd840b2d,0.18561214284009483
0x9dbbf9a7485b3bdc2aee3c70799761f9bd426257,0.18561214284009483
0x5398850a9399da87624874704feaa8a9c6c4089b,0.18561214284009483
0xe68857e783d7982df3890154046a203ef3ca0710,0.18560387449847177
0xc2bfadf539272693ac53821d8ad4766bd9334d2d,0.18553456188251335
0x4c49544aa9eecfebcf8832b2e174a45599daf69d,0.18551302595581823
0x123d8e021ae05a1a2c6ac935c5678f2d2a0973c1,0.18545123567346675
0x99ee41c2c8c092d74a57cef34320cbe6b035a908,0.18529290275435384
0x0fc44e8916e31e5573457910c868dcf9f45cd464,0.1850664217785492
0xef279a049da9db245f572839b4b2d4106dd53522,0.18502587688431663
0x3cee2d93a0a36bcc58e485dcfb2d9472da300a5c,0.18489477849390112
0xa46057dac740a972d495e92c4d99159b67a2b2c9,0.18425380132145025
0xfb390441ff968f7569cd6f3cf01cb7214dfeed31,0.18328562084585137
0x52ea46506b9cc5ef470c5bf89f17dc28bb35d85c,0.18325727021270843
0x23c81f8a3ba0aea1cd7e627f0a7e961d840274a4,0.18263927636127164
0x0b22bc96521b0fcf1fa62e7fa1c0cbe66028f8fb,0.18243185169010134
0x00b35e49de29b61fa3b0ad8d8be308543db89520,0.1818834141339376
0x03a27ef4ad22b9653be354c37c3b992369fecffd,0.18187469114427135
0x3c0e16f15e408218077a91526bc0f907c64c0fa2,0.17542211711523045
0xb4867bc5cc9474fde5ea3a9f7a91be4a8243387d,0.17472529062598244
0xa66d568cd146c01ac44034a01272c69c2d9e4bab,0.17456398406643234
0x1892c3aaf9ca58c0b7d25e2e4f5c2a68ad92456b,0.17291280197834336
0xf5790da033cfc81fc6b858e17de8a3c7e307010e,0.1711434891017363
0xaf368ef2811e816aa5d0ed22c55c35f5bc2664cb,0.17056835356192823
0x4cc7bfdf78863d3738804e35c891884e949cd5ca,0.1703182225018308
0x762c5affae421f46ad43d5e5ec23d4860c7906e8,0.1696343854067813
0x166bcc15edf56df44b7b274c4a038f866a133f66,0.16951020059967603
0x8e8175f7be6044f90143b0bbc0c021eb2d484002,0.1691976956335709
0xc2871d26cecc9796b7d9ee60764d88781fe9eec8,0.1689788497731734
0xd075b01fb24e57e3e7bb4df712bcd8c0a43e1897,0.1678864942991634
0xc5e797a10b7f6157abb2d249b883c2250d10f78d,0.16706024998071245
0xdc340d1ab28aaaf4edb02f791a78ff454a6b8cf4,0.16627675861466812
0xe38c63e23798b6894d98266e6ddbd0cbd5a6760a,0.16565993409242333
0x5bd411f680e6246f26c8dce63fe5ba87e4ed4924,0.16483589194290063
0x9b4a2a6d9c244c8c94e31a84a169e23b4b7e5b1f,0.1647555570581807
0xb9988c00739e59b80ff8ddc61f00fdc7e7c84688,0.16461685572341342
0x40712e7f27a63b8bc13cebe402e4d69ba662b56d,0.16410530906493823
0x1ef49db8a8bc434a4dd0c8016745c4d6116fff99,0.1640456855107664
0xe75c8bcd8b9a36f9cf89442d436686c218c68593,0.16318856894620654
0x57ef012861c4937a76b5d6061be800199a2b9100,0.16314998892261898
0x84b3b137d888ea0bbac921218a4a645d939009b6,0.16269068440356488
0xe48553c14a52fe18ff91dd9c1425e9517b4964bc,0.15993235000719944
0xeddee8f956d0a2baee774c8a339611302af9a924,0.15977159081635753
0xa770d691c58bf16d48947035aba7d0c4bd8242d5,0.15897799764866974
0x958b6ac6a7cec484352eb88a8b71fd90df316791,0.15884038537898626
0x6cf9aa65ebad7028536e353393630e2340ca6049,0.15876312273308557
0x038ec7aa297bc55289dbec196705f282cb04585a,0.15762331830458295
0x15beb9b52e5bbc45547902a032fd19ee52167282,0.15604539693350808
0x231a07c825f052b895de5fd1513ce40d18e14af5,0.1553793814466525
0xa977b6fdd10608c8c455097bc1726a5184082dbd,0.15527333752033287
0xcc87385885fb1773de4e8ba2716d4a738769fd98,0.15338889348696877
0x88131349363b9a91cc8ae5589c6b8de6e3c6413f,0.1529879384867542
0x274b56e812b7951b737e450a22e849860c8ada11,0.15276908811383608
0xab315764f18af7cd7d08d3ad6d447006c1e040de,0.15244962000502818
0x2e566f081d51a0e1cf0730bdcd8441474b9acfad,0.15220195712887777
0xfe99cc4664a939f826dbeb545c1aad4c89ee737a,0.15110868014816506
0x076f3814a9f7e4d8f4ddb653850af7400d3182a1,0.15098238270020425
0x6ad93109e79ccdbcb8df9d6305935df2b40593ec,0.15080847595676797
0x3f02d04dfbf96371b566872d67d0b183fb453177,0.150610610176162
0xddc0d2e79e144feadd9a8870d79d4183d52fc532,0.14998179777827036
0xa2694887f13a7bfee00824ba02b38ae848779136,0.1490157079560647
0xf43b7f3c8efd753baa393666285e52f8d3a05c09,0.14875375008535432
0xdfdf2a34067dbffcbde3bd1d99824bf434bcf457,0.14848689296750472
0xc5bf10fd721f7078b1715597c4fdbb3018c45e05,0.1482004703547519
0xd5c2753af98bd4c44885a69bc171c65d3fa4f17c,0.14668421895830183
0x94b337fa9314cb8aebed71cf18e543d4e385e33a,0.14661979159264196
0xbe699fe81a8a4edb135e47bb5885a51fc58f0c39,0.1462319679329923
0xa394a33166ca7d4cb3e49c89baea0e00e95fbe5c,0.14604026267275777
0x00000000000e1d0dabf7b7c7b68866fc940d0db8,0.14531087919760088
0x4442412a1b6cc6fbc600d4f18ff5c27c309bb79d,0.14489224542191678
0xb5d99c7108782871d121cb9d35f271dc89a1c693,0.14471718900332903
0x98f9f669d82e6b9516634f1f276f96b81acd0ffd,0.14411308202282222
0xb603bade19edcd95a780151a694e8e57c15a066b,0.14373103766941997
0x6a4c4695428d1bb3fac49614dfcf390bc78facfe,0.14204421165289052
0x3b69e3073cf86099a9bbb650e8682d6fdcfb29db,0.14148007408981336
0x9bebc5bcea7c5fe51aaa33d25b8bc832c6feef16,0.14133017889103308
0x77fe86628957aa6a53a2801d4d268368f5b5d3fb,0.14089513465721418
0xd9f29441d635aa1c0c0523a4a85d70b571d67870,0.1402079451031942
0x3a41a88486692f79ecdc2f9cf552378e41804746,0.13984056585672178
0x16b134c44170d78e2f8cad567bb70462dbf05a04,0.13982039892327897
0x342b7a51c264345803d0cb7d1162504e9e378828,0.139376927049735
0x59adafc5dd947745f0cfb07414ca36d97d49bdb4,0.13920910713007112
0x9be43ec7472e708858d4b8711f54b238bf0ac789,0.137780539282754
0x0182c66086cf516c6e7e169c43e853151208720d,0.13576076251649385
0x7a3dec708a62edb0c67e61f06a0d82bb4df54a86,0.1352990253347828
0xbb16307aaed1e070b3c4465d4fda5e518bdc2433,0.13529053733081542
0x560f0651583c66289c546ba4fc8b993c1d751148,0.13518511056113652
0x36c1625e5ee6fbfa9fadd4f75790275e5eab7107,0.134634309445907
0x3589dac776aaf6b60653398e5c75ce583a4b23a6,0.13461194456808376
0x10dec1d38b3d528efa5e8480ff516ce9740b5c97,0.1339882692971512
0xfb2949675e49da087c6655ecb7477d94961f5a71,0.13394357271549862
0x7af3edc58487bad40a21b93d90f14453282d8df3,0.1338768921904585
0x5daa1304c6d25f3a89d8ddfb9778be2fe3757f18,0.13299650062907212
0x4bf4bf9f11545bd15aafcb6e654242de54a8b13c,0.1327024506479857
0x73a304c61298c030a67877193722ef1660347ea4,0.13115107529173464
0xc85793b756ccf04f2bdfed1fc3a551cad8dd340e,0.13025932626918976
0x54452271c9414f78cbcc0fe6530946a95f4b65c9,0.12993788886895838
0x7d92a5e29c74b4ac7ffa3fa49cb2cf32905b9719,0.1297554125244179
0xccd44058468caef8f94191cba3419ebc49ad3bb4,0.1293577508524985
0xb18983220d3640ad8523eaf379800eb57ea81bff,0.1289606364864319
0x8bebd38575e623f836196cf442380fdf3e288e46,0.12871942678129022
0x2c82e30ec546975b827c0f8f4d9facaf78762396,0.1285250418683965
0x5924495f7118ee588acc19e773c7d17c869b6ef4,0.12850793528586335
0x5a3dbf459102a87fd86f953c5da2f31b440db4c0,0.12796849783601075
0xb3325eae761eadcc052daf3d67caad75c6c9e0b4,0.12778192865432506
0xd02bb053d506e31f91285fa9dc7c9e58179c17ee,0.12751321512759387
0xc262ff039501350be0fe2d8f6cf9d55d72bb30c2,0.12660540649697552
0x89ba504e163f7429cbca7bc4f85bcc32adaa110b,0.12625674314770238
0x5253b5b00986e8fe8f9e1135ab6e17256a7b4052,0.12364028474278438
0xa832381c130939759b0b3bd70260a39b9f1a0ef1,0.12323028609898044
0xd1bccd40dc1ca52efb8557a98d30ebf581968f52,0.1228408142023391
0x1212040f31e25d707bcd01971e76689678073214,0.12261634504974118
0xed9376094ce37635827e0cfddc23bfbb6d788469,0.12232102310981599
0xd3bd72622c292e502281bda88f12bdaff22c16b5,0.12228844273078951
0xd5cbc0e15b241c61831cc5ba6271b9f5202ada2b,0.1219602995879829
0x22338ceebd65941092ae654e5c8a946e0ee00eda,0.12145135337775767
0x1515769e09147f635a4bb55d2d144a2463539506,0.12122956064280178
0xf727532db569d9001d3a4f39b5bb4e326382580e,0.12119349608245283
0x3b15cec2d922ab0ef74688bcc1056461049f89cb,0.12064789284606164
0xdc40bcf5c54727544b45ea5c11c1358c06b71713,0.12064583366290724
0x65a11139405b3f31aee5137110b0f8609c23cf39,0.12044073321673664
0xfee8103090ea8aa452b6711996413a636a8dbce2,0.11900302892076636
0x412a66bdaede5aa901fb125db45c53956a3d835f,0.11858226420762151
0x609517eacd9ec2e24dffd4eeca54c6fd88c866fe,0.11857238877343496
0x56babdb63d71879f8d77e2c9515060d3ae29cd9e,0.11844859611720901
0xab7972ef0628d98400acf83e8b54c2695099d3b2,0.11815652755696661
0x4875c4a16380056bca823f5d7c07a5c292666d7d,0.11639151445323874
0xcaa22e27f8cf72def868b2b1b440e567432077c1,0.11607138697129676
0x47e1a7079ca2c1056536c60fd1d4f19638e712db,0.11564953885115735
0x8f1027cc0145e106122aa63e9e26e7afb7ace1f4,0.1151808055689971
0x2d34541730f160a527f92d4c0925dc3682926491,0.11511436353526201
0xdb29ec3fb265a03943bfedbdf4ee9d9867b368e8,0.114818123766838
0x2da87a88294c34ffda8ebd513fdf126f07c43a40,0.11441083147264107
0xd0a7a8b98957b9cd3cfb9c0425abe44551158e9e,0.11416970413909057
0xd5d7ec0c74c401835bd87820afc21b5a207d7ebc,0.11367222341763342
0xad1fd486ae632e935d91f4841ece119dafe7d966,0.11351150811477116
0x0055ae46f700bcc53b1b00483d64000d47007200,0.11296945124575675
0xbe9e8ec25866b21ba34e97b9393bcabbcb4a5c86,0.11273194395914961
0x094d80db9cb807eeea7e586715100258f1a4104f,0.11243457078270559
0xa5f74ae4b22a792f18c42ec49a85cf560f16559f,0.11206136837534497
0x22c368b33da3f732ac41667b47c9ec27c98bdea5,0.1114222210979581
0x532d89b8e77c372f84c792eaf1640be7103445e3,0.11136809698310496
0xb3d9fc7ed24284af0c00066aa3c62652e19fc586,0.1113672857040569
0x1425caf020c5634a1f80900334acbc16d8142dd5,0.1113572830987182
0xcefb90e5f66617c5ba14b1f8f64d00b2181f0c5f,0.11112741435069395
0x3c28c42b24b7909c8292920929f083f60c4997a6,0.11069388379056916
0x47ab2ba28c381011fa1f25417c4c2b2c0d5b4781,0.11047978075658582
0xaa15a2843dbe48622192c6852cd31386252a6e7e,0.11020553930202075
0xd5510604d760128d501e29cf102e0b81bb216ded,0.10932013121822233
0xce2ae07983ade0151d9ddb2117cfec9a21080545,0.10923747086526607
0x8f1e112cd4d1a96935deff32d2407a9577888888,0.10824227251452075
0xb821946b5ce70543c263a886baabb4def34d51ec,0.10804945301993106
0xd16b6b7b880669efabc9c55014fa7198d06acaf1,0.10785050157356008
0x8fee918a232f1063a8f97c008882fa8c58d00cad,0.10776603531410787
0xb62d1ff4f1c155354075b787e63fdf376e10a881,0.10728165874172735
0xb62bd23d4ac28376a1e26e3c68d3ad2dcd382466,0.10696369833543151
0x5fa07227d05774c2ff11c2425919d14225a38dbb,0.10642056320020479
0x122454360d520234d3f20a98f045ac4abdcd783d,0.10628158941433395
0x41fc7afc967f3be3048c539f0ce815e6572247c4,0.10583722110962435
0x013022c7ca735ef6ba55cd3eaccb4ebb3be484e9,0.10573157350810901
0x5364fae66b0d11ba9df72f0a6b740e14865e1c9b,0.10546408918422573
0xc612bda4a16c9dd2054e23e0bb5f16b8b073271d,0.10395179544584665
0xb104fa8757a6a5a453782464264b06c2e6093635,0.103898696422097
0x94aec6a2fd64b63cd501960e920a4d5562d35d40,0.10296967581681159
0x55d380fbd543885a44f3312e5617c05c95adc11f,0.10287403905482559
0xa2b47e3d5c44877cca798226b7b8118f9bfb7a56,0.10273447976729978
0x4481461f5d2cea356855917cd7c213001bbfa087,0.1023541431951411
0xe4d318e9f8247bfac325b6ac540e451abf23122e,0.1019754969721399
0x58e4a865d0bb317fff4bdad1e0953e37eaff1ae0,0.10155584648818834
0xb780936cd722d8e755f167f1ae4f2551f84e9a3b,0.10138899205701436
0x4e42acaec7379db6c9325b5b11f4bcd7f373652a,0.10128576847465388
0x4930d1e6976cc00177ed43bd98306c9c8a9468aa,0.1011816525153425
0x059793939effe3cd98edaffad580abc181b1a96b,0.10109237495121451
0x65bdef0e45b652e86973c3408c7cd24dda9d844d,0.10060920590504502
0x0ef56ca5af589aeba59c682309c545d88c4fb654,0.10005102760324713
0x2a04fd1d7d0fda4a443eed97a235528a6c364cd2,0.09931533941021757
0xf7041a07254064c6db8997cd23e8b90e0504d467,0.0984713438742604
0x4bf107d6d2b0b15f3f78f35600932df48509da2f,0.09837443570525026
0x8996d4152a2e8957517b2bb8022e7178068c4032,0.09700985858481212
0x6d857ef79c31e6dd410130be49ce0612025fb10a,0.09700068669077368
0xfe6b8f38a46dbdaf10d812611d67db1caf9de0c0,0.09653698569834314
0x96c714c339f7469117c312f0ab40e08e0195bbae,0.09649408154121805
0xe8ca0bb3269c4f1e73ae7be720daef87b78f97fa,0.09578350538113586
0x4115a99854e3f2c37a44441332c003a1a6d4fc44,0.0956061928543132
0xfe8dba31b51a3558f0eb834a7c419d83110e9c54,0.09540158162365951
0x99bed349a141ae8088bbec2f0ee76871a7432d16,0.09526980257916612
0xe33377bcc205a3b0a9805ded6da29cd451af05c2,0.0947187821303371
0x146113e0ec17bd31739517783e843dee6221997c,0.09436678260577884
0x6b7bac9f0e3466b7c14ba43b79b8fb8ebbff7691,0.09428388830769528
0x6e0488eaf07ca5e0988e0404e3b28c4497d45797,0.09416057912838885
0xe6561ac05da200ea5cd9d05bec7e57d49fe3946f,0.09354813135843182
0xe8d58745dda5aa7ab493d6ade748619a890f85e8,0.09297838466355833
0xc8883748907b269f26976f1d013d05bb018c7cc4,0.0929452093308142
0x56244e7320fc93502de03658c7e33036d02a5d40,0.09285995221903057
0xe2b687ac034f5e0c8c519eb7288bd186feab97a3,0.09282257840832053
0x34ef8d6b08435785f1c5ca30421d1a2e4d58c587,0.09281535997585758
0x968c0e536dc297fc95566507e55043b1a29f6a10,0.09281470238468949
0x6dc54e5eb422874585fb55c7845fddd136929f76,0.09280607142004742
0x7b96a0e43eaa6cd1ba8cbc8361649a7b2f3e2981,0.09280607142004742
0x0644ad3473b6fe3b9da9fc1f7d97a64b354783e2,0.09280607142004742
0x418aa6bf98a2b2bc93779f810330d88cde488888,0.09280532897147606
0x2c99d50eb4daa1d26b5ba0b1daab58cbfc0ac3e6,0.0927791576593356
0x4a31ebc6e5132142e677a15a14a1418efd6183b9,0.0927429632914818
0x352e490bc98bb07aa908cc2934b6ca473a6b229d,0.09265187361771719
0x915579036b62ee9f6347a0b8cd145c562867df2b,0.09248891291566996
0x76e11d16493af421e77ba9db30fe99fc74e7a46a,0.09232488438538791
0xb893e624e099b56b888b4ed79a86b647dddc39bc,0.09218499917961093
0xc748a093404a8d72603e4743c34dc1ca70c19986,0.09195290256004768
0x8fe1dad3d03ff855151f494682aba9e28d7dc139,0.09190290586909686
0x66c7a7348250f453a37cf86410a946f9668de386,0.09133786304711448
0xe027529a06292deff5a55a8d1c7f68d5efe8116e,0.09132804572646354
0x9235fd6839b0d8b2fae8c7008365382da79314e6,0.09109331453211213
0x99f4490f91a6e87e1666cad6bb16df074e41b19b,0.09107209432935014
0x3329b09f32c3ae6c49afaa7f3245a4af4f8defb2,0.09104490957550121
0xc8f5392f3151de5a560d84a9c2c916e287df5716,0.09088407336080594
0x71056638a237d6eb6883ad12f5c11e0611304a31,0.09053169489325812
0xce2287a329583ad3df1ddc16774c57c9fd396fae,0.09033375226136649
0x340c60e6d97fb5cea3b7fdc36f2bd908a128d968,0.08998153521525488
0x644a79558151a29c3364cb1152dfe2763f963101,0.08941484018369601
0xe1177eb164447d09ff424fbeffaccb632d76773e,0.08924747889635436
0xc2790aa783608ce2a1ef3a82dfab3a5583d6893a,0.08907919987894343
0x9a568bfeb8cb19e4bafcb57ee69498d57d9591ca,0.08876409956080064
0x49a64a804e87a72d15ccfd2a627dc206826ab500,0.0882767650857565
0xb061e2e4294163e57799573b21f61050810ac4f5,0.08816973788654467
0x22d37d12ea1a3f18b8d4e2e3be844b6205590f1f,0.08808242253368655
0xdacd3ad9fe68a29a4ae2b7a66599ceb784fafaad,0.08796638672362792
0xdbd3abc91380162dad511e13fec24f7a34d21bf8,0.08734650182659705
0xb615430cd6630f93152ada03c46c9e7f46666666,0.08723761432877315
0x533caaeaee0396bed2714c547104591ca3e2f345,0.08689535519173844
0x4975e9978299cd32cf7971ea900f0d30393ffe01,0.08677832164310498
0xc0f7dc64318f67c561f7b2a72a570a1a234acb7e,0.08643833131927514
0x72fae93d08a060a7f0a8919708c0db74ca46cbb6,0.08528872573323765
0xadf5cf6199ad268312c0e9219b266e49781e0caf,0.0849484611992261
0x26d16a088624b680429903b4de416a2711b110bb,0.08388004140812573
0xf275de16c1019002e81bb5096b267b818b97149b,0.08358944478367966
0x0d93b478a4c1f3a21d4f08f6e74352f20c64b0c6,0.08333214468643912
0xa3fa88658d7f6ceea0288033e85de77d3c02f779,0.0828066826073401
0x692eed821c68105b4183a0fb45b04276b6b4b04b,0.08214665256870506
0xfa0dce8280fcdf369a4cbfc1830d3302789307a6,0.08197394906850422
0xa10d11eb58c417b639fa977c297275e6db6acfcf,0.08169081763770115
0xe91cb2a9e2efef56f751a95ddb7b013de7da1a64,0.08166934284964172
0xd1f2c10b65a8a19bd1264487cf005c1f6e68b1fb,0.08154821033206
0x6ce8095a692aff6698c3aa8593be3976b6b8743d,0.08090664622009883
0xef3bb7454899566533ba4b83042b58b815c24d6e,0.08075367449724787
0x27ee774de115d20dd9e5d52ea65eeb8a40aae757,0.08074747939598598
0x6710073666e7b9e8c1ba1d9d4cded9d1513d1d1f,0.08032067567493086
0x59cdf8f0298210cbe8ed2326cf4d6cc75f65705e,0.0792805741813347
0xe7ffcce05c17f414150bb864945a82899c013c4b,0.07902359326788258
0xd692f79d253c4322aedacb06126112d09e737aa8,0.07868081983139938
0x7688b399c3237d098be4688d222d586ab5236451,0.0786605214685234
0x8f3c6aab1f3b29f61bf860cb766ce0f6f2477935,0.07815921641568625
0xeeb01554eecaa9f32163f3f5d0562f7b674e3503,0.07815522452591782
0xf955b50fe8167c3f074335e1f117c1f2c4fd540e,0.07795709999283983
0x7692a5e4e4090255b57cc116aa473521596bcfb3,0.07790997148547164
0x56c8490dd7f1b4a4b972a35ca8b31fb23641a0ef,0.07719887447870685
0xaeb2ecc735e7222b0d1cd2ad35566ff96e8273cf,0.0769796049929549
0x6d8bfdb4c4975bb086fc9027e48d5775f609ff88,0.0768064649363567
0xe19290c15986aaa26b4ca02f06f68404cca4adcd,0.07672882466404131
0x28f4ea7a1d16a7da851dcadf3d8f925c92b7e6bd,0.07648900732758729
0x66c6159c51e0a3e4110bd2a73b0fffcdc8888888,0.07624201574355843
0xb998f0880d7b72e4f2346782cff7aac9582e6759,0.07623173109489392
0x506e19b5c805574286453c9af32c16278dca3194,0.07590290180247745
0xd49f9d2309d4167cd25cd6bb14cdce6e55b33ffe,0.0758393631838494
0x17966f7e987a42d00a633fa0219fded049682406,0.0755967172830713
0x69f3d8d1f8a5e8c105ae41bd2d5275a6921b7ff2,0.07557334645014678
0x779b5a170798013dadfc33dcb37129a4459682a6,0.07530897546981617
0xfe2e023bba664757aaf6b72f9b6a8cfc3ada0b28,0.07505170609846741
0xcb7f013340e7042dc663a7c5f3e076934ff57bc2,0.07502193546954575
0xdef090607c0628eb1c36be11038e68e0d34d44d5,0.07498167365603647
0x6b27e75bffa03521fe692a170329ab2640aeaa2c,0.07487449505175561
0x18d095768a69f550c2da9d562ea2e28637da7601,0.07475580620769172
0x515c475400859e50f15b57adfa8503821fd794b9,0.07439925003736989
0x086dbcf9d25b476aaba8ae02cea177870d27b64c,0.07437622016477718
0xfe4af9f395736d0d2b68f93973481b1b65203584,0.07434953679904915
0x7f9fe0cfbf9651aa0171cb5cb8c89f0a65ef867e,0.07429534363889044
0x66692fe61897edbce11119ed0ab5469f6022eb45,0.07424485713603793
0x13b83b8a162874889483e85d104ae711f4ac6389,0.07424337223889521
0xbb72cdab0ec908e635ecb6f762bcf0933cff3d8c,0.07420139966034954
0x6217c008da6ea46b6db500695287d77d03f79a42,0.0738207758732356
0x3d9c859b26735d43bbb644a025c209ea7a85e9a7,0.07362454135466634
0x8a7d3d57da0f4f91d87887a24c4c814563eeb942,0.07331898826881798
0x7a91bc4c9308844446792b51b99f5d111178d42d,0.07324459051129509
0xac795d2c97e60df6a99ff1c814727302fd747a80,0.07305633502752658
0x2d5f61b3efa11cf6150a57a04bb24063ba6b2bfd,0.07296593157586556
0x3d3c2840aa02c43d4315ab1b48b40ad21e6cc077,0.07231359084271106
0x604556bbc4ab70b3c73d7bb6c4867b6239511301,0.07196627040230638
0xc1af5fc39b6369c22ee8d9fcde2853a4ebd2312a,0.07185774590636504
0xae03ff811d583a31f487ee73b82e305bd2db4ad6,0.07104017298338668
0xd88189f7dee6e5dbd6cbc6f06fd357f4bf7f330b,0.07032753142261201
0x15830adde1901bb57579a03978c374b759005422,0.07007754112280483
0x6fdf0567ef72740fcbe872f8315fe63f02b278f1,0.07003795791856718
0x3a4d44067be83509cd0a0bcb2656120955333217,0.06984145977822631
0x2b133847465ce196015044afbe675afdda482e1b,0.06969804280113379
0x1cdfb7f34e9d8bbaf5583a58783bfc4b67d3127b,0.06933782244843359
0x56cf41e0a294fd3934dd504e1f857f144ba6d5fa,0.06907477531572463
0x1505242681473ba287bd42980c7d9694f9802d1f,0.06873207633087842
0x5b32927c7138a4f9c295285d8a5e860ba991914b,0.0686802050936919
0x268c0472da95b9022eaec6666947f2d74395bf64,0.06865293719372086
0x7fb4620dfff2178a50dd611a7e7cd8f661806b50,0.06789282395056398
0xa418199271d72047b124e4ddcc2cca5bc3bab4ec,0.06782648676549674
0x9bab8adc2c1bbbedad666d080ee773afd1de0b9b,0.06758455745112661
0x9f2f1e3dedeea341c479d3bd5d5775de4448d8bb,0.06736464305620762
0x0168cb9025d006df07aadcba1cc8c942ea58cdd3,0.06721037697099563
0x93ca5883ecb4971b11397cdc2c87ea03e6f190ca,0.06667009900839813
0x245a551ee0f55005e510b239c917fa34b41b3461,0.06660687238699295
0x6e439927154e8a7fa6111c841625ef22464558aa,0.06643281390431809
0x5d036ce9f8a9d931862c51e91a1a39d747ef34c7,0.06611535422472997
0x15e1690f4d5dbe4790a3d093af1397d6879f2123,0.06568856351658953
0x66d4558facc464930f274df992af771b7b0b3c0a,0.06558446778835539
0xc28ffb6a7742eae9ea4e284258a78e11c4af782f,0.06547592254668752
0x5aac27a4262b6426152a08722d4eef2a3a738341,0.06502253659679778
0x7c930969fcf3e5a5c78bcf2e1cefda3f53e3c8fd,0.06501223783476257
0xa6401f8b7884f68168844d20d37ae8a7ac12306a,0.06496424999403319
0x05bfac94b36279e02245ff4f66a9eedb07ca2dfd,0.06493618543803577
0xed955025160c683e5ab2c743287c0b6fa0e72ac6,0.0643972592689355
0x20eadfcaf91bd98674ff8fc341d148e1731576a4,0.06423254055532165
0xf725ac115365d09fd17e26c3ffe62e82b5d79ed6,0.06417341044427963
0xe141062f056c612a3f013d354ab89edadaf38ffd,0.06406474973634892
0x87a5cbee1e7cb10bb9a3ec862891e2e924fff99f,0.06395926624514198
0xa10753468d7eaf706a91a7ae5c021aaea2aad7d8,0.06354934648876354
0x1673e9d3202dac04fb91f0c88e99abad809a90d0,0.06329070340148218
0x9178558bdc75b3ac1ba78d9cba989a5532e06679,0.06328658097831427
0xa77d32a353dc523ea375e750e109d574c951c52a,0.06219766085839437
0x00236feeac26ef92552e3981096350d136084c64,0.061857138287036983
0x8a6917f38e825009721edd41038298fc584e2a74,0.061806431378741894
0x34113c84f95717b34d9818dd47821c42e095bf59,0.06143479556941688
0xcf1874e3102c9b9679fef5e7280cd43dd89d63ce,0.061303432692273487
0x8bda390c7226d229c39e29ba57b567fd7d8f9746,0.06090927827105743
0x6ba84f52035bf158a2a43a3d03df68d5dc366666,0.06043106974249062
0x88d695250c2d6f9568dbf2ce8044f50fc644a07f,0.06025822778825881
0x45160e2f7ed86720d1550af3ca1f6f87663c2d6e,0.059795613759846884
0x0898fd0cc34f0ec1465c3a27e2066c0d31b9a393,0.05976114481151004
0xf54ce23f71936815747d80be97226fb15d6f9e0e,0.059446543258435236
0xd13e4e0925c9e1d3b596a040c857b041bb7f109f,0.05936407056899098
0xe11b4a1f5e75ed9e98e89544f02bfc77e8807f43,0.058822704399935415
0x08639dacd6135401d485013957e61f41ae8a0d37,0.05870057154055897
0x838c3ba0b9826a5ea1ef6619daa3a100a8aa4cba,0.05859250510704052
0xe87281e23f28cdbc07c1f4900ed539bb95c1fd4e,0.0584929829231211
0xf640890856d172bb45040506d5c513ed3dce6cc2,0.05799576368991876
0x82d5d7c66e0fd623ceca1d7ea34fdb8132002523,0.057856983826852275
0xabb4836677519ece4bbfd09f30cadfe9a6c518d8,0.05770936479800311
0xec866fc6c8f99775a6ffca307b362cd85ce99255,0.057606705241439474
0xa0a101c27d6fe0816ac5724d135036578b529045,0.05758382222614459
0x8726e46618d880da56e9004ad2a845950190822f,0.057572236033880196
0xe8b167e5cefb765acebd71a2e356a6a2f9e00aed,0.05753896534851242
0xbafb437ba783715547f75189d406021ae7a1b8dc,0.0572827838404505
0x66ae6a0591c6fb84fe1fd27f4976ddec6430d805,0.057279079140942636
0x5cbf8c43b11a3b120d2cc2955f9b638303e0d22f,0.057079572551735104
0x79e0983989e767e93aa4a1e59ad3606f29eeda23,0.05694062870067727
0x1e206d141eac0273211bf2d0e587357ca0d1fd54,0.056802913771297064
0x28104d4f703ee5b5011cefe106f54efd56f33f95,0.05669872834540859
0x94d2eda4bf85f0a98c0436da4d05f806acd34958,0.056661767582789575
0x9c5d85106586cce611cc27612b7095dc29f18681,0.05652927728285193
0xd96d0434e29d549ddaafae3902ad48a1bb141571,0.05573100525598575
0xc66acabc2c21bc8b4c01811066fe8450a776ca54,0.055707298639908524
0xa30ed411826655635cae9cf8a81da409c8068c10,0.055683642852028446
0x9dd12e8a18fe70a889c7d27ac49623c2942c5b00,0.055683642852028446
0x963fa9f63b33f93c5e78a317f7d9a9ff39e60fa6,0.055683642852028446
0x3e88e559c312a02f36c6d7b2299dd401112c1a43,0.055683642852028446
0x4748c6d9b5db06940028d523ca536ea4c582fb12,0.055683642852028446
0xe2f7d13465c5077ffa5b40f676c5dff9424d37c9,0.055683642852028446
0x648626445a9ac8c7506b67332e4802ab18405d26,0.05568185599899627
0xea8b0ed0ae8eca8ea32c92ca276304bbe2fca644,0.055670696583995455
0x1d2649df5d6511803c5418f0020104412fe3f269,0.05563887266448772
0xe10370b155c08fdfead97eebc2e06f3647d679f6,0.05541069777634219
0x30f7dd6d6adcd68a85863e8376f11aa680a2a08e,0.055169392217620176
0x1b53a89dddedb7d7742fc50440e2a393201a3a20,0.05496042369866629
0xa9bed40a14204557ff41f5ca394aa1fd588f460a,0.05441593412251743
0xafa74e46331d8705154af36fc6b721c08cc331a8,0.05428188467997899
0x70e1b384fe335222529f5e685b371ff2e658cbd7,0.05424055656311337
0xd4dc7763da8b16e882806c35406a91213bb4f08f,0.0540508499538927
0xac59f71c383de1ef94802676f72f1bae3d7d3029,0.053766876854281186
0x9a2a64dfa4931d925a30992312a66270a6378f6a,0.05366255630115397
0xce824663bccb32e2dad1a8f2a26b698290417b34,0.053435319921409534
0xba19dce4e43fe16671d81b10d6f823d22032b6e2,0.05301123819900974
0x81da2c8c03991aac79d9e7c6abf0b4d3dbf61bd9,0.052856946397831624
0x596aba8bdd83c82e5ad17348b03910e0cb3a6fdc,0.05276779731219199
0x25c76a801f6c26292197336693194f7412cc51d0,0.05255012487258494
0x324e0b53cefa84cf970833939249880f814557c6,0.05214585130497531
0x09c01aa4dfaa767f8319a001a1d5ee848f99a44e,0.052108565605470024
0x11014c4f6fbde405ad2dbc42e9dcaf1f9e69e667,0.05206490142847648
0x52eebd82826a7b530839424ceab6ca3643eb0ef1,0.05201972465967485
0x5a0ccce38e7217670bdd605106ab3bc5d9b017a1,0.05163003616386368
0x9ee282880048f4b72bbe67f7c241a66351be79b3,0.05159620361571854
0x038b32771ed984d0f166df57fd02d9c89d438050,0.051422350383443775
0xb35bc14eb3b326b4f8aa856d91c133a8750852c5,0.051113747894484265
0xa84bae0bd588cc130631992158d98550940ef9fd,0.051037681873837684
0xfa8dd1877401aa2f088001b7fdb6e805859e8a6d,0.05078898167644651
0x05279914272c6b352c2afd50f20a892ca8938092,0.05066398205128458
0x1d677e09787de82a2436c86b04758e081caf4900,0.05042349306774767
0x8fb90c8651c26f46d8c971a4bb28723412f28dae,0.05031741019037846
0x15940e0ab127d58936d0d5449443ba82cc6778b5,0.05029826775523718
0x150038e658adfab5f9ffc2a3daa247cddca8f94c,0.0499573760790044
0x39ad4317dcb7f058ae874c8df801355f998819ea,0.04994797153427282
0x046c62fe7ab523a826c25d632d23300a7e18d59d,0.049884919749447316
0x69a0eb450906beb5c80fe20781327fff3d27a4d1,0.04930480346275168
0x70136603303e3857364b39377223bda72a2b72af,0.04925050109420637
0xe9add1f870cec2508cb4540617b8ddca9e8629f9,0.04918721785262513
0x918f41205ca8f7ad0b279f1eb0f0cbf4b4b6c9da,0.04917396874650192
0x9182ebea71b267bb92cc4062c7990ced5d29a241,0.04914454818590196
0xac997f24ef9f5fc2a3c050ea14d1d017db20a1d1,0.049073529591762706
0x233cd4f4040cc877cd49edd00745e8260237c088,0.048754865331181695
0x9aed6f124f882bb607f31dcb9b0701fc3ea50bbf,0.048510885266045
0x84887512c5c34bf478d4b963d0aec18d7cd590b5,0.04847815204948374
0xd342bde62000df3fae470bc2ee0ca5f1d594acd0,0.048252007897478265
0x206e91b7745eefc739537a453bafef79e84ff138,0.048121606131060535
0x876f0ec622a2c14fd62cd8dfbec8230e6ea6b6aa,0.04753184302659376
0x7068796a16952fa3b8403351e12c1f2810e2e50f,0.04740871683004454
0x9ee8b0e68013da735b06cfc563a6e3ec0f4e4ba4,0.04722393570260455
0x2f319ee9f7f578432340ccac75d49b0422e8db0d,0.04686443719984057
0x08abf09f4539ebfcb17753a4c6a4255b544eef99,0.046577367053633016
0xcd615848c10c89f6afcc3f353b2c0b690c535a27,0.04647414953297566
0xaef9635f1fddb2f629edac2929f749e9c6ca0895,0.04640215405234521
0x641943777a175bb610eac3874f6409392d939ca4,0.04625979328366255
0x1ca87c49c80be3b5b79da3ca1d46d7304146a270,0.0462287319598056
0x8821c46cc0ab31cab33824b2b31a361109dd086f,0.0461916767175867
0x4ae10a58b16dbd7aaa635dedfb33817c9ab1192e,0.04578744593910517
0xa426d1c4250139b9b1c7257715e88df59d7821df,0.04546831451780477
0x041c66e4c2ece126264f43a24a21710db8a60cad,0.04544905444958561
0x3ce8da131722bbe54a4329f66c6efe19515673e8,0.045245176512562435
0xfb50928e5e618a3dfae92e7c7e7818a5f80c4bc2,0.045084352451666906
0x9a4338dff0c995c4e8b225586edbeb8979e019b4,0.044717964583648094
0xe257e2f1f544dfda152ba508bdd87832cec1406c,0.0446357682580503
0xc922ba902faee51f85e8715064812ee35ef31e1d,0.044547093433920576
0x7157e835f82bde56882b8920df0f91e587865d4e,0.044451172207425935
0x57f54aa18d6871149c4d160814be0193666bc9b0,0.044441208596617626
0x1f1441e0b4e1bfcf9afd0ed0904161112a712f8f,0.04434890890719232
0x5103ea1dea94a13edf199e27f3dd92ce4ce2b6ee,0.04430964834455121
0x3f8c454e188b37f14166d8d230aaa71f16b42304,0.04404740682649147
0xfffbe00ed265804e6598ac6b804a6356508591c8,0.04397494145881721
0x40b69fc793f30f7d83c0bb522cd085465b80357b,0.043712955838025855
0x797c6c78d8b8bdecfed83713d10bd284d1a419b3,0.043686750923220635
0x2d22c22910a52cb66721fc8838ca2a98b70cb634,0.04328529675010876
0x0760160e3e243b819f1be82a75cf3767dc188890,0.04317184288833042
0x574053576d2493cb3aa3a482e6e16ea7bb41c6f8,0.043099682595654394
0xaece14beea855922e605612b77daa6cf6113d39f,0.042636469977965094
0x8ff126075603e2e404dc81431e6e69d8d470496c,0.04241406014830693
0x113ee41d97416d0afb2915e9c4ed6d4a4e9c299b,0.04230216337574029
0x97ef1eb31a66e35ff1884acd15ee4616de54a5e1,0.042196457019578276
0xdd6abd48e81cca4b3b53b0b5b3a7b90c73c34224,0.042155555848098825
0x505d981b8d0df243f06f8a8b49d7d514dab98552,0.04212605752138346
0x328f301ffe10cf1a123e1b75bf853a7bdbb8cfa7,0.04205448897809945
0xbf6d54579bed632213d03a5423d4a2fbca891f1b,0.041886288807086065
0x76263ab5a2c0f39055f8695901721e9efbf9d1d6,0.04185432849526209
0x6c6b87d44d239b3750bf9badce26a9a0a3d2364e,0.041636730915112344
0x2bf863a129cd3faffcfc6e7caa49588d446b2af3,0.04145610743429855
0xb5d41133b51bc49757ac0866e3e51f2de1231eaf,0.0414173363897309
0x11c9ac11ce9913e26faa7a9ee5b07c92b0c8c372,0.040911832120462926
0x54765260f9c5a77d9c19a7771374e1e15ea945ea,0.040858291015466404
0xef1eba3c139b3f9ae8303d5aaffc13ae175106ee,0.040763181348863996
0x59daa74f2d15c87aac435ec18cb559f92490c100,0.040507442560401945
0xd1ef5b3dffd39b3e40b9b6ccefcb1b9020c49348,0.04028496359169925
0xdbde6081017f0a9f88db0b23ea731f75e5285242,0.04019838696227586
0xf6ccb0a56df79bf72d0f98d188230b30133bbe82,0.03991146657928927
0x74ac34aff46b326921e2f61a5cef4daff9f06f57,0.039906610710620384
0x6cd4471480e2969b3d696fbd17530e85112f3ff6,0.0397136716553724
0x61b802e587972b3972b513d6cfebd3a18fc6296a,0.03965963480758052
0x24dd242c3c4061b1fcaa5119af608b56afbaea95,0.0395199109515483
0xe23f11069d6edb216b6f8b4b3290e52a9493251d,0.039490195482650974
0x480601018fed4e50d466ad6eb574832b7c6542c9,0.03921944649787346
0x614387bec1a22d428a496782c54d2fc51fc4711c,0.0392097899782296
0xeade4e0459c844f467a16c9347c55bfaa088bf7e,0.039204418259120494
0x373f3aff050c228b0513028efc32f63e0dbc4426,0.03908681711263886
0xfcf22b67c90cad767e5df5bf27e8a896c2991927,0.03908427324209762
0xdef171fe48cf0115b1d80b88dc8eab59176fee57,0.03904208930341656
0x6442f33df308b5f48625c6bdb77205838b5eabd5,0.038835492515218034
0x7e8023dc58f9f95b01d328c5bc914bb9f33626c8,0.03874372516698451
0xbed47c7bdf2ab4a43518ffd0891bd8f55f0fbc25,0.03856516693811589
0x0fb0b6cfda09043886b30e046e708d240be3efff,0.038433167086408426
0xb8ccf257d32b134ffecb902e5bef3042841b8a4a,0.03829618243888396
0xe7de0c1c5b900eca200947dc4ba88c8d4becc7df,0.03815590746002783
0x6c0cf880cb20eefabfb09341fba9e2bd29ad3dfa,0.03804500488494918
0xb308862a3687c969ee817674a11cc78fe99099f4,0.03804474054860122
0x10c5f89cb714d908e4cc3db31c4d551d6ee15061,0.03800169738751569
0xf156837a58aba1d32e2b3c1ed750e187a0981aa2,0.03785923494918478
0xacd20988c9ad9b1c2865c6c142cd6aeddfe72ad5,0.037404517082998204
0x0591360ddaf672ebc9b2a03dfb73ad8bfdd723fc,0.03737342766166786
0xda47cc26fe92ed500e02229a557cbb4e2058e205,0.037287359522708584
0x973e573f05c897cea5f4b37487958ffa9a51be5e,0.03726055061164879
0x3951af639d055ee91cf701a11a5a464fc0409b1d,0.03720888081627792
0x9b844f17435dc68cd35dcf0ec6b350af4b64643f,0.03715354489699825
0xa47f768b38444431868d5f664883d8d122a96e5f,0.037122428568018964
0x1db6e3ea822c093a93240880da037c0f421d05d1,0.03712242849340288
0x46484bdbd738466e73e3f237af6f4617cb5fffef,0.03712073743516198
0xe66cb907e22acf272201005c84ce3173207e58ad,0.037119013304590706
0x2b0d99febe1dbe331d1f6f3ca8c199183aeb3c39,0.037111663063734236
0xfe8260a826dc1f6e606118a2069f564d7a50ae5f,0.037076667819736425
0xf963837cf127d561c8e0c4691ebd5c2e4828c5ee,0.0370682814934992
0x1fd7aa4c703715a21bbaf83336f42920d074d919,0.03706593119717427
0x193314b83980343d6eb1131b207d6d0edf7a0010,0.037003236648169166
0xa9903bda477b9a57bd795adff9922cb98db65f04,0.03676044993540075
0x53633c539d8399acbfac8e0f2391b35ee4cd6439,0.03663167777628275
0xddfc0a12fd323ac34ad149e1473eb6f91155fdd6,0.03659194465071814
0x6ffbc344188c05b840bdb1751de3e2c596813b1c,0.036591168017693784
0x202d0b551f0e137efb419e70e1776b6d578bdbf3,0.0365686095183468
0x4910e27d96ea908f492f4841443fc2061722aa3c,0.03639140200239328
0x5166da93594f4c2fbc14473abf492a8ba297927a,0.0363342113505988
0x12799e9d0f3ae4cd3ca348b4b907344c37331f6e,0.03628617264595798
0xc2945a100ed1c8b8ab893477735a88f16b424d27,0.036143512293255804
0x0cf54ec97dbcabf6fd7e4bb8277c2682d07a7917,0.03611923175277701
0x0003fca368838e813fb6d80e6ade47104980158a,0.03596367244749037
0x68910efeb0634f2f293738486b5014ca5e4e1ac1,0.03581589605876667
0x49c58698d08123f4993525cb898b494881f04e22,0.03580124912781899
0x3d35d2a99a2471d87947075bc9e525633a63ed13,0.035792133790105214
0x173ac361f92f8ba8bd42efeb46c1edff36111a07,0.03574994642798504
0x6be6cde7aec681a5f7502a48bb77cda5dedbc4e4,0.03571859260940499
0x65a8b284d3ce65f979aa396289b31aa56143e807,0.03553252029415619
0x0e78a00d672f5fbe57e2328ddf6e484d8d1be60e,0.035463681302796396
0xae289d2618ccfa247645dd8e89326c91acef62e0,0.03538889466428154
0x732244768222395a6f36c4cb3eef185bcb00c0c8,0.035325037730927634
0x6398f2612e98c39de1bd54f5e55019e2a6f981ff,0.03530355099602111
0xe19d817fd1bcedac50101efccea9398bca697565,0.035275815035703456
0xa4bce756033c95042c5778c565d322d55c3165ee,0.035256625818133075
0x896aa8cc59ea595915ad17b32afff0e1f4748211,0.0351808592126745
0x920eb8ca79f07eb3bfc39c324c8113948ed3104c,0.035083455640551
0xfcdf0203371456b10e42d0cf99b404c21426973a,0.03497228911583398
0x7061fc6d9b0fb318f62e3542a61800aee165a1c7,0.034949573692808523
0x4aedb84bc2fb98073d69aa240db469c1cfda4fbb,0.03485348107440233
0x6d478cb16317680a517ff89253f82032efdc31ba,0.034819577566266746
0x23291905585578f57e155def1fc5cd66dd00db4e,0.03477024188513239
0xbae8b5cbd9b39ed764321c36926d190e5e4d2880,0.034715746128174206
0x694450aabcd9ff551c60474808ec5816ad66df53,0.03466717362484025
0xc8af2b9307bede3f0931d191679123cea5d685ef,0.034529473591610405
0x2f74435512a11c6dc6e25c18f52aa6d85d659bd2,0.03434303727862638
0xe9177c26ba473b091409c46f8482560bfb2b4359,0.03429975748613095
0x31f6455579f3ea6c7c06853b1c7cca89c2ca4cf6,0.03427543373904231
0x0ad993a273e3b8e69ccd9a60f5a17e9765848e2c,0.03401044124844518
0x4fcb1435fd42ce7ce7af3cb2e98289f79d2962b3,0.03399071849269065
0x1aa18a80822b3fbed557f279b8666bb4962ad6de,0.03385154759772491
0xd113c86a0574bdbd1e8f51101c969dc75398dc66,0.03383658056462367
0xc476f580a8f6259b0fa8aabb9befcb5e1f349a8c,0.03374766372883306
0x53bb1da7d69516dc2f7410554ff4789458b6fa6d,0.033414458012935425
0x6c33c8f0e973139b11a270d1217f69f51ef3ae55,0.033410185711217066
0xf21ae8f8c59963f1d16c020c69b43b31f113d72a,0.03338389979234741
0xfbb4be21beac27db0694e4802629d34b7444ef59,0.033374513734155106
0xbc333f27eaa0c8c01b69e9e7e084931adfd9c0a9,0.0333459569729557
0xfdcf9b06851253a67ecbb0c47893f3a8f1caf434,0.0333158069592514
0xb34140657321ece23e9c1a092c8cc8ab7570a503,0.033303065915851277
0xae03fa74140a5681f0b781883e92c71353a8da0e,0.03326015430338477
0x596736970d727752abc35e43faf1b60e4e8562da,0.032852525159988835
0x31606580b4c52a1181eb9f74c1b9db302c8e16e8,0.03283938803409982
0xc747962e7e416e2a582813b1d7ad59eb83077fa6,0.03278574993612715
